{
  "version": "7",
  "dialect": "mysql",
  "entries": [
    {
      "idx": 0,
      "version": "5",
      "when": 1761844849721,
      "tag": "0000_wooden_riptide",
      "breakpoints": true
    },
    {
      "idx": 1,
      "version": "5",
      "when": 1761844917085,
      "tag": "0001_motionless_tarot",
      "breakpoints": true
    },
    {
      "idx": 2,
      "version": "5",
      "when": 1761850845000,
      "tag": "0002_illegal_venus",
      "breakpoints": true
    },
    {
      "idx": 3,
      "version": "5",
      "when": 1761851597658,
      "tag": "0003_shiny_monster_badoon",
      "breakpoints": true
    },
    {
      "idx": 4,
      "version": "5",
      "when": 1761852564456,
      "tag": "0004_green_gamora",
      "breakpoints": true
    },
    {
      "idx": 5,
      "version": "5",
      "when": 1761853426033,
      "tag": "0005_tidy_blacklash",
      "breakpoints": true
    },
    {
      "idx": 6,
      "version": "5",
      "when": 1761902394783,
      "tag": "0006_public_black_bolt",
      "breakpoints": true
    },
    {
      "idx": 7,
      "version": "5",
      "when": 1761903443637,
      "tag": "0007_cooing_norman_osborn",
      "breakpoints": true
    },
    {
      "idx": 8,
      "version": "5",
      "when": 1761922201687,
      "tag": "0008_cool_shatterstar",
      "breakpoints": true
    },
    {
      "idx": 9,
      "version": "5",
      "when": 1761928792564,
      "tag": "0009_glamorous_namorita",
      "breakpoints": true
    }
  ]
}